{
  "baseline_log_loss": 0.039682260535751,
  "best_log_loss": 0.47832908882498854,
  "best_params": {
    "max_depth": 6,
    "n_estimators": 800
  },
  "improvement_absolute": -0.4386468282892375,
  "improvement_pct": -1105.3977832085618,
  "best_auc": 0.75802342254094,
  "n_features": 21,
  "train_rows": 1938386,
  "test_rows": 484597
}